Akt,Erk
Akt,Mek
Akt,P38
Akt,PKC
Akt,Plcg
Erk,Akt
Erk,Jnk
Erk,P38
Erk,PKC
Erk,PIP2
Erk,Plcg
Jnk,Akt
Jnk,P38
Jnk,PKC
Jnk,Plcg
Mek,Erk
Mek,Jnk
Mek,P38
Mek,PKC
Mek,Plcg
Mek,Raf
P38,Akt
P38,Jnk
P38,PKA
P38,PKC
P38,PIP2
P38,PIP3
P38,Plcg
PKA,Akt
PKA,Erk
PKA,Jnk
PKA,Mek
PKA,P38
PKA,PKC
PKA,PIP2
PKA,PIP3
PKA,Plcg
PKA,Raf
PKC,Akt
PKC,Erk
PKC,Jnk
PKC,Mek
PKC,P38
PKC,PKA
PKC,PIP2
PKC,Raf
PIP2,Akt
PIP2,Erk
PIP2,Jnk
PIP2,P38
PIP2,PKC
PIP2,PIP3
PIP2,Plcg
PIP3,Akt
PIP3,Erk
PIP3,P38
PIP3,PKC
PIP3,PIP2
Plcg,Erk
Plcg,Mek
Plcg,P38
Plcg,PKC
Plcg,PIP2
Plcg,Raf
Raf,Akt
Raf,Erk
Raf,Jnk
Raf,Mek
Raf,PKC
